<project xmlns="http://maven.apache.org/POM/4.0.0" xmlns:xsi="http://www.w3.org/2001/XMLSchema-instance"
	xsi:schemaLocation="http://maven.apache.org/POM/4.0.0 http://maven.apache.org/xsd/maven-4.0.0.xsd">
	<modelVersion>4.0.0</modelVersion>
	<properties>
		<project.build.sourceEncoding>UTF-8</project.build.sourceEncoding>
	</properties>

	 <parent>
		<groupId>com.gwf</groupId>
		<artifactId>enterprise-parent-pom-java</artifactId>
		<version>1.2</version>
	</parent> 
	<groupId>com.fascore.qa.ParticipantWebAuto</groupId>
	<artifactId>pptwebAuto</artifactId>
	<version>0.0.1-PPTWebSNAPSHOT</version>
	<packaging>jar</packaging>
	
 <name>Test</name>
  <url>http://maven.apache.org</url>

	 <dependencies>
		<dependency>
			<groupId>com.fascore.qa.AutomationFramework</groupId>
			<artifactId>Framework</artifactId>
			<version>3.0.8-SNAPSHOT</version>
		</dependency>
	</dependencies> 

	<build>
		<pluginManagement>
			<!-- Source directory configuration -->

			<plugins>
			<plugin>
				<groupId>org.codehaus.mojo</groupId>
              <artifactId>exec-maven-plugin</artifactId>
                <version>1.5.0</version>
                    <executions>
   					 <execution>
     				 <goals>
       				 <goal>java</goal>
     				 </goals>
    					</execution>
  					</executions>
					<configuration>
					  
						<mainClass>test.framework.ThreadInvocation</mainClass>
						 <classpathScope>test</classpathScope>
                    <arguments>
                    <argument>foo</argument>
                    <argument>bar</argument>
                     </arguments>
                     </configuration>
                     </plugin>
				<!-- Following plugin executes the testng tests -->
				<plugin>
					<groupId>org.apache.maven.plugins</groupId>
					<artifactId>maven-surefire-plugin</artifactId>
					<version>2.18.1</version>
					
					<configuration>
						<threadCount>1</threadCount>
						<reuseForks>false</reuseForks>
						<argLine>-Xmx1024m -XX:MaxPermSize=256m</argLine>
						<suiteXmlFiles>
						<suiteXmlFile>RunXML/${suiteFile}.xml</suiteXmlFile> 
						</suiteXmlFiles> 
						<systemProperties>
							<property>
								<name>env</name>
								<value>${env}</value>
							</property>
						</systemProperties>
						<systemProperties>
							<property>
								<name>BROWSER</name>
								<value>${BROWSER}</value>
							</property>
						</systemProperties>
						<systemProperties>
							<property>
								<name>testDataPath</name>
								<value>${testDataPath}</value>
							</property>
							</systemProperties>
						<systemProperties>
							<property>
								<name>CAPTURESCREENSHOT</name>
								<value>${CAPTURESCREENSHOT}</value>
							</property>
						</systemProperties>	
						<systemProperties>
							<property>
								<name>USERID</name>
								<value>${USERID}</value>
							</property>
						</systemProperties>
							<systemProperties>
							<property>
								<name>SYS_PASSWORD</name>
								<value>${SYS_PASSWORD}</value>
							</property>
						</systemProperties>
							<systemProperties>
							<property>
								<name>DB_PASSWORD</name>
								<value>${DB_PASSWORD}</value>
							</property>
						</systemProperties>	
						<systemProperties>
							<property>
								<name>executionMode</name>
								<value>${executionMode}</value>
							</property>
						</systemProperties>	
						
						<systemProperties>
							<property>
								<name>PlanCode</name>
								<value>${PlanCode}</value>
							</property>
						</systemProperties>	
						
						<systemProperties>
							<property>
								<name>PartnerName</name>
								<value>${PartnerName}</value>
							</property>
						</systemProperties>	
						
						<systemProperties>
							<property>
								<name>EffectiveDate</name>
								<value>${EffectiveDate}</value>
							</property>
						</systemProperties>	
						
						<systemProperties>
							<property>
								<name>IssueState</name>
								<value>${IssueState}</value>
							</property>
						</systemProperties>	
						<systemProperties>
							<property>
								<name>StatutoryCompany</name>
								<value>${StatutoryCompany}</value>
							</property>
						</systemProperties>	
						<systemProperties>
							<property>
								<name>LineofBusiness</name>
								<value>${LineofBusiness}</value>
							</property>
						</systemProperties>	
						<systemProperties>
							<property>
								<name>ProducerInfo_Lname</name>
								<value>${ProducerInfo_Lname}</value>
							</property>
						</systemProperties>	
						<systemProperties>
							<property>
								<name>Dateofbirth</name>
								<value>${Dateofbirth}</value>
							</property>
						</systemProperties>	
						<systemProperties>
							<property>
								<name>City</name>
								<value>${City}</value>
							</property>
						</systemProperties>	
						<systemProperties>
							<property>
								<name>PaymentAmount</name>
								<value>${PaymentAmount}</value>
							</property>
						</systemProperties>	
						<systemProperties>
							<property>
								<name>RiderType</name>
								<value>${RiderType}</value>
							</property>
						</systemProperties>	
						<systemProperties>
							<property>
								<name>RiderPlan</name>
								<value>${RiderPlan}</value>
							</property>
						</systemProperties>	
						<systemProperties>
							<property>
								<name>OwnerShipType</name>
								<value>${OwnerShipType}</value>
							</property>
						</systemProperties>
						<systemProperties>
							<property>
								<name>ContractID</name>
								<value>${ContractID}</value>
							</property>
						</systemProperties>	
						<systemProperties>
							<property>
								<name>TrxEffectiveDate</name>
								<value>${TrxEffectiveDate}</value>
							</property>
						</systemProperties>
						<systemProperties>
							<property>
								<name>TrxLevel</name>
								<value>${TrxLevel}</value>
							</property>
						</systemProperties>
						<systemProperties>
							<property>
								<name>TrxType</name>
								<value>${TrxType}</value>
							</property>
						</systemProperties>
						<systemProperties>
							<property>
								<name>PSurrenderValue</name>
								<value>${PSurrenderValue}</value>
							</property>
						</systemProperties>
							<systemProperties>
							<property>
								<name>DeathPendingEffectiveDate</name>
								<value>${DeathPendingEffectiveDate}</value>
							</property>
						</systemProperties>
						<systemProperties>
							<property>
								<name>DateOfDeath</name>
								<value>${DateOfDeath}</value>
							</property>
						</systemProperties>
						<systemProperties>
							<property>
								<name>DeathCause</name>
								<value>${DeathCause}</value>
							</property>
						</systemProperties>
						<systemProperties>
							<property>
								<name>LifeStatus</name>
								<value>${LifeStatus}</value>
							</property>
						</systemProperties>
						<systemProperties>
							<property>
								<name>Disbursement</name>
								<value>${Disbursement}</value>
							</property>
						</systemProperties>
						<systemProperties>
							<property>
								<name>PercentOfBenefit</name>
								<value>${PercentOfBenefit}</value>
							</property>
						</systemProperties>
						<systemProperties>
							<property>
								<name>CreatePolicy_Payment</name>
								<value>${CreatePolicy_Payment}</value>
							</property>
						</systemProperties>
							<systemProperties>
							<property>
								<name>FundNumber1</name>
								<value>${FundNumber1}</value>
							</property>
						</systemProperties>
							<systemProperties>
							<property>
								<name>FundNumber2</name>
								<value>${FundNumber2}</value>
							</property>
						</systemProperties>
							<systemProperties>
							<property>
								<name>FundNumber3</name>
								<value>${FundNumber3}</value>
							</property>
						</systemProperties>
							<systemProperties>
							<property>
								<name>FundNumber4</name>
								<value>${FundNumber4}</value>
							</property>
						</systemProperties>
						<systemProperties>
							<property>
								<name>FundNumber5</name>
								<value>${FundNumber5}</value>
							</property>
						</systemProperties>
						<systemProperties>
							<property>
								<name>FundAllocation1</name>
								<value>${FundAllocation1}</value>
							</property>
						</systemProperties>
						<systemProperties>
							<property>
								<name>FundAllocation2</name>
								<value>${FundAllocation2}</value>
							</property>
						</systemProperties>
						<systemProperties>
							<property>
								<name>FundAllocation3</name>
								<value>${FundAllocation3}</value>
							</property>
						</systemProperties>
						<systemProperties>
							<property>
								<name>FundAllocation4</name>
								<value>${FundAllocation4}</value>
							</property>
						</systemProperties>
							<systemProperties>
							<property>
								<name>FundAllocation5</name>
								<value>${FundAllocation5}</value>
							</property>
						</systemProperties>
										
					</configuration>
				</plugin>
				<!-- Compiler plugin configures the java version to be usedfor compiling 
					the code -->
				<plugin>
					<groupId>org.apache.maven.plugins</groupId>
					<artifactId>maven-compiler-plugin</artifactId>
					<version>3.1</version>
					<configuration>
						<source>1.7</source>
						<target>1.7</target>

					</configuration>
				</plugin>

				<plugin>
					<groupId>org.codehaus.mojo</groupId>
					<artifactId>build-helper-maven-plugin</artifactId>
					<version>1.9.1</version>
					<executions>
						<execution>
							<id>add-source</id>
							<phase>generate-sources</phase>
							<goals>
								<goal>add-source</goal>
							</goals>
							<configuration>
								<sources>
									<source>src/test/java</source>
									<source>src/main/java</source>

								</sources>
							</configuration>
						</execution>
					</executions>
				</plugin>
				<plugin>
					<groupId>org.apache.maven.plugins</groupId>
					<artifactId>maven-jar-plugin</artifactId>
					<version>2.4</version>
				</plugin>
				
			</plugins>
		</pluginManagement>
	</build>
</project>