<?xml version="1.0" encoding="UTF-8"?>
<metadata modelVersion="1.1.0">
  <groupId>com.fascore.qa.AutomationFramework</groupId>
  <artifactId>Framework</artifactId>
  <version>3.0.7-SNAPSHOT</version>
  <versioning>
    <snapshot>
      <localCopy>true</localCopy>
    </snapshot>
    <lastUpdated>20181113095720</lastUpdated>
    <snapshotVersions>
      <snapshotVersion>
        <extension>jar</extension>
        <value>3.0.7-SNAPSHOT</value>
        <updated>20181113095720</updated>
      </snapshotVersion>
      <snapshotVersion>
        <extension>pom</extension>
        <value>3.0.7-SNAPSHOT</value>
        <updated>20181113095720</updated>
      </snapshotVersion>
    </snapshotVersions>
  </versioning>
</metadata>
