<?xml version="1.0" encoding="UTF-8"?>
<!DOCTYPE suite SYSTEM "http://testng.org/testng-1.0.dtd">
<suite name="Suite">
  <listeners>
        <listener class-name="core.framework.TestListener"/>
    </listeners>  
  <test name="SignIn">
    <classes>
      <class name="app.wmAweb.testcases.signIn.LoginwmAtestcase">
      <methods>
                   <include name="TC1_wmA_Signup">
                    <parameter name="ManualTCName" value="wmA_Signup">
                    </parameter>
                    </include> 
                
                   
                </methods>
            </class>
    </classes>
  </test> 
 

    
 <test name="Trail1">
    <classes>
      <class name="app.wmAweb.testcases.ProducerInfomation.GW_AdvisoryName">
      <methods>
                   <include name="TC1_wmA_ProducerInfomation_AdvisoryName">
                    <parameter name="ManualTCName" value="wmA_ProducerInfomation_AdvisoryName">
                    </parameter>
                    </include> 
                
                   
                </methods>
                 </class>
         </classes>     
  </test> 
  
<test name="Trail2">
    <classes>
      <class name="app.wmAweb.testcases.ProducerInfomation.GW_AdvisoryName">
      <methods>
                   <include name="TC1_wmA_ProducerInfomation_MultipleAdvisoryName">
                    <parameter name="ManualTCName" value="wmA_ProducerInfomation_MultipleAdvisoryName">
                    </parameter>
                    </include> 
                
                   
                </methods>
                 </class>
         </classes>     
  </test>  
  
   <test name="Trail3Automation Ad">
    <classes>
      <class name="app.wmAweb.testcases.ProducerInfomation.GW_AdvisoryName">
      <methods>
                   <include name="TC1_wmA_ProducerInfomation_Additional_AdvisoryName">
                    <parameter name="ManualTCName" value="wmA_ProducerInfomation_Additional_AdvisoryName">
                    </parameter>
                    </include> 
                
                   
                </methods>
                 </class>
         </classes>     
  </test>  
 
  
</suite> <!-- Suite -->
  