<?xml version="1.0" encoding="UTF-8"?>
<!DOCTYPE suite SYSTEM "http://testng.org/testng-1.0.dtd">
<suite name="Suite">
  <listeners>
        <listener class-name="core.framework.TestListener"/>
    </listeners>  
  <test name="SignIn">
    <classes>
      <class name="app.wmAweb.testcases.signIn.LoginwmAtestcase">
      <methods>
                   <include name="TC1_wmA_Signup">
                    <parameter name="ManualTCName" value="wmA_Signup">
                    </parameter>
                    </include> 
                
                   
                </methods>
            </class>
    </classes>
  </test> 
  
<test name="Fund1">
    <classes>
      <class name="app.wmAweb.testcases.Fund.GW_AssetRebalance">
      <methods>
                   <include name="TC1_wmA_Fund_NewRecurringBalance">
                    <parameter name="ManualTCName" value="wmA_Fund_NewRecurringBalance">
                    </parameter>
                    </include> 
                
                   
                </methods>
                 </class>
         </classes>     
  </test>  
  
<test name="Fund2">
    <classes>
      <class name="app.wmAweb.testcases.Fund.GW_AssetRebalance">
      <methods>
                   <include name="TC1_wmA_Fund_ChangeExistingRecurringRebalance">
                    <parameter name="ManualTCName" value="wmA_Fund_ChangeExistingRecurringRebalance">
                    </parameter>
                    </include> 
                
                   
                </methods>
                 </class>
         </classes>     
  </test>
  
  <test name="Fund3">
    <classes>
      <class name="app.wmAweb.testcases.Fund.GW_AssetRebalance">
      <methods>
                   <include name="TC1_wmA_Fund_TerminateRecurringRebalance">
                    <parameter name="ManualTCName" value="wmA_Fund_TerminateRecurringRebalance">
                    </parameter>
                    </include> 
                
                   
                </methods>
                 </class>
         </classes>     
  </test> 
 
<test name="Fund4">
    <classes>
      <class name="app.wmAweb.testcases.Fund.GW_AssetRebalance">
      <methods>
                   <include name="TC1_wmA_Fund_OneTimeRecurringBalance">
                    <parameter name="ManualTCName" value="wmA_Fund_OneTimeRecurringBalance">
                    </parameter>
                    </include> 
                
                   
                </methods>
                 </class>
         </classes>     
  </test> 
  
<!-- <test name="Fund5">
    <classes>
      <class name="app.wmAweb.testcases.Fund.GW_AssetRebalance">
      <methods>
                   <include name="TC1_wmA_Fund_OneTimeRecurringBalancewithAllocationChange">
                    <parameter name="ManualTCName" value="wmA_Fund_OneTimeRecurringBalancewithAllocationChange">
                    </parameter>
                    </include> 
                
                   
                </methods>
                 </class>
         </classes>     
  </test> 
  
 <test name="Fund6">
    <classes>
      <class name="app.wmAweb.testcases.Fund.GW_AssetRebalance">
      <methods>
                   <include name="TC1_wmA_Fund_OneTimeRebalanceonContractwithaTerminatedRecurringRebalance">
                    <parameter name="ManualTCName" value="wmA_Fund_OneTimeRebalanceonContractwithaTerminatedRecurringRebalance">
                    </parameter>
                    </include> 
                
                   
                </methods>
                 </class>
         </classes>     
  </test> -->

 
</suite> <!-- Suite -->
  