<?xml version="1.0" encoding="UTF-8"?>
<!DOCTYPE suite SYSTEM "http://testng.org/testng-1.0.dtd">
<suite name="Suite">
<listeners>
        <listener class-name="core.framework.TestListener"/>
    </listeners>  
  <test name="SignIn">
    <classes>
      <class name="app.wmAweb.testcases.signIn.LoginwmAtestcase">
      <methods>
                   <include name="TC1_wmA_Signup">
                    <parameter name="ManualTCName" value="wmA_Signup">
                    </parameter>
                    </include> 
                
                   
                </methods>
            </class>
    </classes>
  </test> 

  
  <test name="Contract add1.2">
    <classes>
      <class name="app.wmAweb.testcases.Accumulation.GWcontractadd">
      <methods>
                   <include name="TC2_wmA_Accumulation_AddNYSmartTrackII5YrwithMaxRider">
                    <parameter name="ManualTCName" value="wmA_Accumulation_AddNYSmartTrackII5YrwithMaxRider">
                    </parameter>
                    </include> 
                
                                  
                </methods>
            </class>
    </classes>
  </test>

 <!-- <test name="Contract add1.3">
    <classes>
      <class name="app.wmAweb.testcases.Accumulation.GWcontractadd">
      <methods>
                   <include name="TC3_wmA_Accumulation_AddNonNYSmartTrackAdvisorwithFixedRider">
                    <parameter name="ManualTCName" value="wmA_Accumulation_AddNonNYSmartTrackAdvisorwithFixedRider">
                    </parameter>
                    </include> 
                
                                  
                </methods>
            </class>
    </classes>
  </test>


<test name="Contract add1.5">
    <classes>
      <class name="app.wmAweb.testcases.Accumulation.GWcontractadd">
      <methods>
                   <include name="TC5_wmA_Accumulation_AddNonNYSchwabAdvisorChoicewithFixedRider">
                    <parameter name="ManualTCName" value="wmA_Accumulation_AddNonNYSchwabAdvisorChoicewithFixedRider">
                    </parameter>
                    </include> 
                
                                  
                </methods>
            </class>
    </classes>
  </test>

<test name="Contract add1.6">
    <classes>
      <class name="app.wmAweb.testcases.Accumulation.GWcontractadd">
      <methods>
                   <include name="TC6_wmA_Accumulation_AddNYSchwabOneSourceChoicewithFixedRider">
                    <parameter name="ManualTCName" value="wmA_Accumulation_AddNYSchwabOneSourceChoicewithFixedRider">
                    </parameter>
                    </include> 
                
                                  
                </methods>
            </class>
    </classes>
  </test>
 -->
 
      
</suite> <!-- Suite -->
