<?xml version="1.0" encoding="UTF-8"?>
<!DOCTYPE suite SYSTEM "http://testng.org/testng-1.0.dtd">
<suite name="Suite">
  <listeners>
        <listener class-name="core.framework.TestListener"/>
    </listeners>  
  <test name="SignIn">
    <classes>
      <class name="app.wmAweb.testcases.signIn.LoginwmAtestcase">
      <methods>
                   <include name="TC1_wmA_Signup">
                    <parameter name="ManualTCName" value="wmA_Signup">
                    </parameter>
                    </include> 
                
                   
                </methods>
            </class>
    </classes>
  </test> 
 
   
  
<test name="NewCostaverage">
    <classes>
      <class name="app.wmAweb.testcases.Fund.GW_CostAveraging">
      <methods>
                   <include name="TC1_wmA_Fund_Costaveraging_New_CostAveragee">
                    <parameter name="ManualTCName" value="wmA_Fund_Costaveraging_New_CostAveragee">
                    </parameter>
                    </include> 
                
                                  
                </methods>
            </class>
    </classes>
  </test>
  
  
</suite> <!-- Suite -->
  