<?xml version="1.0" encoding="UTF-8"?>
<!DOCTYPE suite SYSTEM "http://testng.org/testng-1.0.dtd">
<suite name="Suite">
 <listeners>
        <listener class-name="core.framework.TestListener"/>
    </listeners>  
 <test name="Flatfilevalidation">
    <classes>
      <class name="app.wmAextract.testcases.Flatfile.FlatfilePOV">
      <methods>
                   <include name="TC2_wmA_Flatfile_Verification">
                    <parameter name="ManualTCName" value="wmA_Flatfile_Verification">
                    </parameter>
                    </include> 
                
                   
                </methods>
            </class>
    </classes>
    </test>
</suite> <!-- Suite -->
