<?xml version="1.0" encoding="UTF-8"?>
<!DOCTYPE suite SYSTEM "http://testng.org/testng-1.0.dtd">
<suite name="Suite">
  <listeners>
        <listener class-name="core.framework.TestListener"/>
    </listeners>  
  <test name="SignIn">
    <classes>
      <class name="app.wmAweb.testcases.signIn.LoginwmAtestcase">
      <methods>
                   <include name="TC1_wmA_Signup">
                    <parameter name="ManualTCName" value="wmA_Signup">
                    </parameter>
                    </include> 
                
                   
                </methods>
            </class>
    </classes>
  </test> 
  
 <test name="ILVAcontractadd3">

    <classes>

      <class name="app.wmAweb.testcases.Accumulation.GW_ILVA_Contractadd">

      <methods>
                   <include name="TC1_wmA_ILVA_Contract_Add_Fast_Forward_To_Test_Renewal">
                    <parameter name="ManualTCName" value="wmA_ILVA_Contract_Add_Fast_Forward_To_Test_Renewal">
                    </parameter>
                    </include>              
                   </methods>
                 </class>
         </classes>     
  </test>

  </suite> <!-- Suite -->
