<?xml version="1.0" encoding="UTF-8"?>
<!DOCTYPE suite SYSTEM "http://testng.org/testng-1.0.dtd">
<suite name="Suite">
  <listeners>
        <listener class-name="core.framework.TestListener"/>
    </listeners>  
  <test name="SignIn">
    <classes>
      <class name="app.wmAweb.testcases.signIn.LoginwmAtestcase">
      <methods>
                   <include name="TC1_wmA_Signup">
                    <parameter name="ManualTCName" value="wmA_Signup">
                    </parameter>
                    </include> 
                
                   
                </methods>
            </class>
    </classes>
  </test> 
  
  <test name="PartialSurrender">

    <classes>

      <class name="app.wmAweb.testcases.Disbursements.GW_ILVAPartialSurrender">

      <methods>
                   <include name="TC1_wmA_Disbursements_ILVAContract_PartialSurrender">
                    <parameter name="ManualTCName" value="wmA_Disbursements_ILVAContract_PartialSurrender">
                    </parameter>
                    </include>              
                   </methods>
                 </class>
         </classes>     
  </test>
  </suite> <!-- Suite -->
