<?xml version="1.0" encoding="UTF-8"?>
<!DOCTYPE suite SYSTEM "http://testng.org/testng-1.0.dtd">
<suite name="Suite">
 <listeners>
        <listener class-name="core.framework.TestListener"/>
    </listeners> 
  <test name="Test">
    <classes>
      <class name="app.jetsweb.testcase.jets.Loginjetstestcase">
      <methods>
                   <include name="TC1_jets_Signup">
                    <parameter name="ManualTCName" value="jets_Signup">
                    </parameter>
                    </include> 
                
                   
                </methods>
                </class>
    </classes>
  </test> <!-- Test -->
</suite> <!-- Suite -->
