<?xml version="1.0" encoding="UTF-8"?>
<!DOCTYPE suite PUBLIC "SYSTEM" "http://testng.org/testng-1.0.dtd">
<suite name="testsuite" verbose="1" >
    <listeners>
        <listener class-name="core.framework.TestListener"/>
    </listeners>   
 <test name="LIAT">
        <classes>
            <class name="app.pptweb.testcases.liat.liattestcases">
                <methods>
                   <include name="RIP_TC004_To_verify_Retirement_Income_tab_Plan_Savings">
                    <parameter name="ManualTCName" value="SIT_ParticipantWeb_RIP_TC004_To verify Retirement Income tab_Plan Savings">
                    </parameter>
                    </include> 
                
                   
                </methods>
            </class>
            
        </classes>
    </test> 
</suite>
