<?xml version="1.0" encoding="UTF-8"?>
<!DOCTYPE suite SYSTEM "http://testng.org/testng-1.0.dtd">
<suite name="Suite">
  <listeners>
        <listener class-name="core.framework.TestListener"/>
    </listeners>  
  <test name="SignIn">
    <classes>
      <class name="app.wmAweb.testcases.signIn.LoginwmAtestcase">
      <methods>
                   <include name="TC1_wmA_Signup">
                    <parameter name="ManualTCName" value="wmA_Signup">
                    </parameter>
                    </include> 
                
                   
                </methods>
            </class>
    </classes>
  </test> 
  
<test name="Disbursement1">
    <classes>
      <class name="app.wmAweb.testcases.Disbursements.GAW_Payouts">
      <methods>
                   <include name="TC1_wmA_Disbursements_SW_GAW_TB">
                    <parameter name="ManualTCName" value="wmA_Disbursements_SW_GAW_TB">
                    </parameter>
                    </include> 
                
                   
                </methods>
                 </class>
         </classes>     
  </test>  

 <test name="Disbursement2">
    <classes>
      <class name="app.wmAweb.testcases.Disbursements.RMD_Payouts">
      <methods>
                   <include name="TC1_wmA_Disbursements_SW_RMD_TB">
                    <parameter name="ManualTCName" value="wmA_Disbursements_SW_RMD_TB">
                    </parameter>
                    </include> 
                
                   
                </methods>
                 </class>
         </classes>     
  </test>
  
</suite> <!-- Suite -->
  