<?xml version="1.0" encoding="UTF-8"?>
<!DOCTYPE suite SYSTEM "http://testng.org/testng-1.0.dtd">
<suite name="Suite">
<listeners>
        <listener class-name="core.framework.TestListener"/>
    </listeners>  
  <test name="SignIn">
    <classes>
      <class name="app.wmAweb.testcases.signIn.LoginwmAtestcase">
      <methods>
                   <include name="TC1_wmA_Signup">
                    <parameter name="ManualTCName" value="wmA_Signup">
                    </parameter>
                    </include> 
                
                   
                </methods>
            </class>
    </classes>
  </test> 
  

 


<test name="Contract add1.1">
    <classes>
    
      <class name="app.wmAweb.testcases.Accumulation.GWcontractadd">
      <methods>
                   <include name="TC1_wmA_Accumulation_AddNonNYSmartTrackII5YrwithNoRider">
                    <parameter name="ManualTCName" value="wmA_Accumulation_AddNonNYSmartTrackII5YrwithNoRider">
                    </parameter>
                    </include> 
                
                                  
                </methods>
            </class>
    </classes>
  </test>
  
  
  
  

      
</suite> <!-- Suite -->
