<?xml version="1.0" encoding="UTF-8"?>
<!DOCTYPE suite SYSTEM "http://testng.org/testng-1.0.dtd">
<suite name="Suite">
  <listeners>
        <listener class-name="core.framework.TestListener"/>
    </listeners>  
  <test name="SignIn">
    <classes>
      <class name="app.wmAweb.testcases.signIn.LoginwmAtestcase">
      <methods>
                   <include name="TC1_wmA_Signup">
                    <parameter name="ManualTCName" value="wmA_Signup">
                    </parameter>
                    </include> 
                
                   
                </methods>
            </class>
    </classes>
  </test> 
  
 <test name="PartialSurrender">

    <classes>

      <class name="app.wmAweb.testcases.Disbursements.GW_PartialSurrenderTest">

      <methods>
                   <include name="TC1_wmA_Disbursements_PartialSurrender_FundSpecificDollar">
                    <parameter name="ManualTCName" value="wmA_Disbursements_PartialSurrender_FundSpecificDollar">
                    </parameter>
                    </include>              
                   </methods>
                 </class>
         </classes>     
  </test>
  
 <!-- <test name="PartialSurrender1">

    <classes>

      <class name="app.wmAweb.testcases.Disbursements.GW_PartialSurrenderTest">

      <methods>
                   <include name="TC1_wmA_Disbursements_PartialSurrender_FundSpecific_Percentage">
                    <parameter name="ManualTCName" value="wmA_Disbursements_PartialSurrender_FundSpecific_Percentage">
                    </parameter>
                    </include>              
                   </methods>
                 </class>
         </classes>     
  </test>  
  
 <test name="PartialSurrender2">

    <classes>

      <class name="app.wmAweb.testcases.Disbursements.GW_PartialSurrenderTest">

      <methods>
                   <include name="TC1_wmA_Disbursements_PartialSurrender_FundSpecific_Dollar">
                    <parameter name="ManualTCName" value="wmA_Disbursements_PartialSurrender_FundSpecific_Dollar">
                    </parameter>
                    </include>              
                   </methods>
                 </class>
         </classes>     
  </test> -->
  
<test name="PartialSurrender3">

    <classes>

      <class name="app.wmAweb.testcases.Disbursements.GW_PartialSurrenderTest">

      <methods>
                   <include name="TC1_wmA_Disbursements_PartialSurrender_ProRataInvestmentOnly_Dollar">
                    <parameter name="ManualTCName" value="wmA_Disbursements_PartialSurrender_ProRataInvestmentOnly_Dollar">
                    </parameter>
                    </include>              
                   </methods>
                 </class>
         </classes>     
  </test>  

 

</suite> <!-- Suite -->
