<?xml version="1.0" encoding="UTF-8"?>
<!DOCTYPE suite SYSTEM "http://testng.org/testng-1.0.dtd">
<suite name="Suite">
  <listeners>
        <listener class-name="core.framework.TestListener"/>
    </listeners>  
  <test name="SignIn">
    <classes>
      <class name="app.wmAweb.testcases.signIn.LoginwmAtestcase">
      <methods>
                   <include name="TC1_wmA_Signup">
                    <parameter name="ManualTCName" value="wmA_Signup">
                    </parameter>
                    </include> 
                
                   
                </methods>
            </class>
    </classes>
  </test> 
  
<test name="Statefedral_TB">

    <classes>

      <class name="app.wmAweb.testcases.Disbursements.GW_StateFedralWithholdingTest">

      <methods>
                   <include name="TC1_wmA_Disbursements_StateWithholdoing_FedralWithholding_TB">
                    <parameter name="ManualTCName" value="wmA_Disbursements_StateWithholdoing_FedralWithholding_TB">
                    </parameter>
                    </include>              
                   </methods>
                 </class>
         </classes>     
  </test>  
  
  <test name="Statefedral_TKM">

    <classes>

      <class name="app.wmAweb.testcases.Disbursements.GW_StateFedralWithholdingTest">

      <methods>
                   <include name="TC1_wmA_Disbursements_Statewithholding_TKM">
                    <parameter name="ManualTCName" value="wmA_Disbursements_Statewithholding_TKM">
                    </parameter>
                    </include>              
                   </methods>
                 </class>
         </classes>     
  </test> 
  
  <test name="Statefedral_GK">

    <classes>

      <class name="app.wmAweb.testcases.Disbursements.GW_StateFedralWithholdingTest">

      <methods>
                   <include name="TC1_wmA_Disbursements_Statewithholding_SystematicWithdrawal">
                    <parameter name="ManualTCName" value="wmA_Disbursements_Statewithholding_SystematicWithdrawal">
                    </parameter>
                    </include>              
                   </methods>
                 </class>
         </classes>     
  </test> 
  
  <!--   <test name="Statefedral_PA">

    <classes>

      <class name="app.wmAweb.testcases.Disbursements.GW_StateFedralWithholdingTest">

      <methods>
                   <include name="TC1_wmA_Disbursements_Statewithholding_DeathClaim1">
                    <parameter name="ManualTCName" value="wmA_Disbursements_Statewithholding_DeathClaim1">
                    </parameter>
                    </include>              
                   </methods>
                 </class>
         </classes>     
  </test> -->
  </suite> <!-- Suite -->
