<?xml version="1.0" encoding="UTF-8"?>
<!DOCTYPE suite SYSTEM "http://testng.org/testng-1.0.dtd">
<suite name="Suite">
  <listeners>
        <listener class-name="core.framework.TestListener"/>
    </listeners>  
 
  <test name="SignIn">
    <classes>
      <class name="app.wmAweb.testcases.signIn.LoginwmAtestcase">
      <methods>
                   <include name="TC1_wmA_Signup">
                    <parameter name="ManualTCName" value="wmA_Signup">
                    </parameter>
                    </include> 
                
                   
                </methods>
            </class>
    </classes>
  </test> 
  
  <test name="Fund3">
    <classes>
      <class name="app.wmAweb.testcases.Fund.GW_AssetRebalance">
      <methods>
                   <include name="TC1_wmA_Fund_TerminateRecurringRebalance">
                    <parameter name="ManualTCName" value="wmA_Fund_TerminateRecurringRebalance">
                    </parameter>
                    </include> 
                
                   
                </methods>
                 </class>
         </classes>     
  </test> 
  
 <!--  <test name="Contract add1.1">
    <classes>
      <class name="app.wmAweb.testcases.Accumulation.GWcontractadd">
      <methods>
                   <include name="TC1_wmA_Accumulation_AddNonNYSmartTrackII5YrwithNoRider">
                    <parameter name="ManualTCName" value="wmA_Accumulation_AddNonNYSmartTrackII5YrwithNoRider">
                    </parameter>
                    </include> 
                
                                  
                </methods>
            </class>
    </classes>
  </test>
  
 <test name="Contract add1.2">
    <classes>
      <class name="app.wmAweb.testcases.Accumulation.GWcontractadd">
      <methods>
                   <include name="TC2_wmA_Accumulation_AddNYSmartTrackII5YrwithMaxRider">
                    <parameter name="ManualTCName" value="wmA_Accumulation_AddNYSmartTrackII5YrwithMaxRider">
                    </parameter>
                    </include> 
                
                                  
                </methods>
            </class>
    </classes>
  </test>
  
        <test name="Contract add1.5">
    <classes>
      <class name="app.wmAweb.testcases.Accumulation.GWcontractadd">
      <methods>
                   <include name="TC5_wmA_Accumulation_AddNonNYSchwabAdvisorChoicewithFixedRider">
                    <parameter name="ManualTCName" value="wmA_Accumulation_AddNonNYSchwabAdvisorChoicewithFixedRider">
                    </parameter>
                    </include> 
                
                                  
                </methods>
            </class>
    </classes>
  </test>
  
      <test name="Contract add1.6">
    <classes>
      <class name="app.wmAweb.testcases.Accumulation.GWcontractadd">
      <methods>
                   <include name="TC6_wmA_Accumulation_AddNYSchwabOneSourceChoicewithFixedRider">
                    <parameter name="ManualTCName" value="wmA_Accumulation_AddNYSchwabOneSourceChoicewithFixedRider">
                    </parameter>
                    </include> 
                
                                  
                </methods>
            </class>
    </classes>
  </test>
  
     <test name="Contract add1.7">
    <classes>
      <class name="app.wmAweb.testcases.Accumulation.GWcontractadd">
      <methods>
                   <include name="TC7_wmA_Accumulation_AddSchwabAdvisorChoicewithnoriderRIA">
                    <parameter name="ManualTCName" value="wmA_Accumulation_AddSchwabAdvisorChoicewithnoriderRIA">
                    </parameter>
                    </include> 
                
                                  
                </methods>
            </class>
    </classes>
  </test>
  
 
  
   <test name="Contract add1.8">
    <classes>
      <class name="app.wmAweb.testcases.Accumulation.GWcontractadd">
      <methods>
                   <include name="TC8_wmA_Accumulation_AddWellsFargoCustodialContract">
                    <parameter name="ManualTCName" value="wmA_Accumulation_AddWellsFargoCustodialContract">
                    </parameter>
                    </include> 
                
                                  
                </methods>
            </class>
    </classes>
  </test> 
 -->
</suite> <!-- Suite -->
